[?25l[0G[+] up 0/1
 [33m-[0m Network quantg_quantg-network Creating                                                                           [34m0.0s[0m
[?25h[?25l[2A[0G[+] up 0/1
 [33m-[0m Network quantg_quantg-network Creating                                                                           [34m0.1s[0m
[?25h[?25l[2A[0G[+] up 0/1
 [33m-[0m Network quantg_quantg-network Creating                                                                           [34m0.2s[0m
[?25h[?25l[2A[0G[+] up 0/1
 [33m-[0m Network quantg_quantg-network Creating                                                                           [34m0.3s[0m
[?25h[?25l[2A[0G[+] up 0/1
 [33m-[0m Network quantg_quantg-network Creating                                                                           [34m0.4s[0m
[?25h[?25l[2A[0G[+] up 1/1
 [32m✔[0m Network quantg_quantg-network [32mCreated[0m                                                                            [34m0.5s[0m
[?25h[?25l[2A[0G[+] up 1/2
 [32m✔[0m Network quantg_quantg-network [32mCreated[0m                                                                            [34m0.5s[0m
 [33m-[0m Container quantg-mongo        Creating                                                                           [34m0.1s[0m
[?25h[?25l[3A[0G[+] up 1/2
 [32m✔[0m Network quantg_quantg-network [32mCreated[0m                                                                            [34m0.5s[0m
 [33m-[0m Container quantg-mongo        Creating                                                                           [34m0.2s[0m
[?25h[?25l[3A[0G[+] up 1/2
 [32m✔[0m Network quantg_quantg-network [32mCreated[0m                                                                            [34m0.5s[0m
 [33m-[0m Container quantg-mongo        Creating                                                                           [34m0.3s[0m
[?25h[?25l[3A[0G[+] up 1/2
 [32m✔[0m Network quantg_quantg-network [32mCreated[0m                                                                            [34m0.5s[0m
 [33m-[0m Container quantg-mongo        Creating                                                                           [34m0.4s[0m
[?25h[?25l[3A[0G[+] up 2/3
 [32m✔[0m Network quantg_quantg-network [32mCreated[0m                                                                            [34m0.5s[0m
 [32m✔[0m Container quantg-mongo        [32mCreated[0m                                                                            [34m0.5s[0m
 [33m-[0m Container quantg-backend      Creating                                                                           [34m0.0s[0m
[?25h[?25l[4A[0G[+] up 2/3
 [32m✔[0m Network quantg_quantg-network [32mCreated[0m                                                                            [34m0.5s[0m
 [32m✔[0m Container quantg-mongo        [32mCreated[0m                                                                            [34m0.5s[0m
 [33m-[0m Container quantg-backend      Creating                                                                           [34m0.1s[0m
[?25h[?25l[4A[0G[+] up 2/3
 [32m✔[0m Network quantg_quantg-network [32mCreated[0m                                                                            [34m0.5s[0m
 [32m✔[0m Container quantg-mongo        [32mCreated[0m                                                                            [34m0.5s[0m
 [33m-[0m Container quantg-backend      Creating                                                                           [34m0.2s[0m
[?25h[?25l[4A[0G[+] up 3/4
 [32m✔[0m Network quantg_quantg-network [32mCreated[0m                                                                            [34m0.5s[0m
 [32m✔[0m Container quantg-mongo        [32mCreated[0m                                                                            [34m0.5s[0m
 [32m✔[0m Container quantg-backend      [32mCreated[0m                                                                            [34m0.2s[0m
 [33m-[0m Container quantg-frontend     Creating                                                                           [34m0.1s[0m
[?25h[?25l[5A[0G[+] up 3/4
 [32m✔[0m Network quantg_quantg-network [32mCreated[0m                                                                            [34m0.5s[0m
 [32m✔[0m Container quantg-mongo        [32mCreated[0m                                                                            [34m0.5s[0m
 [32m✔[0m Container quantg-backend      [32mCreated[0m                                                                            [34m0.2s[0m
 [33m-[0m Container quantg-frontend     Creating                                                                           [34m0.2s[0m
[?25h[?25l[5A[0G[+] up 4/4
 [32m✔[0m Network quantg_quantg-network [32mCreated[0m                                                                            [34m0.5s[0m
 [32m✔[0m Container quantg-mongo        [32mCreated[0m                                                                            [34m0.5s[0m
 [32m✔[0m Container quantg-backend      [32mCreated[0m                                                                            [34m0.2s[0m
 [32m✔[0m Container quantg-frontend     [32mCreated[0m                                                                            [34m0.2s[0m
[?25h[?25l[5A[0G[+] up 3/4
 [32m✔[0m Network quantg_quantg-network [32mCreated[0m                                                                            [34m0.5s[0m
 [33m-[0m Container quantg-mongo        Starting                                                                           [34m1.1s[0m
 [32m✔[0m Container quantg-backend      [32mCreated[0m                                                                            [34m0.2s[0m
 [32m✔[0m Container quantg-frontend     [32mCreated[0m                                                                            [34m0.2s[0m
[?25h[?25l[5A[0G[+] up 3/4
 [32m✔[0m Network quantg_quantg-network [32mCreated[0m                                                                            [34m0.5s[0m
 [33m-[0m Container quantg-mongo        Starting                                                                           [34m1.2s[0m
 [32m✔[0m Container quantg-backend      [32mCreated[0m                                                                            [34m0.2s[0m
 [32m✔[0m Container quantg-frontend     [32mCreated[0m                                                                            [34m0.2s[0m
[?25h[?25l[5A[0G[+] up 3/4
 [32m✔[0m Network quantg_quantg-network [32mCreated[0m                                                                            [34m0.5s[0m
 [33m-[0m Container quantg-mongo        Starting                                                                           [34m1.3s[0m
 [32m✔[0m Container quantg-backend      [32mCreated[0m                                                                            [34m0.2s[0m
 [32m✔[0m Container quantg-frontend     [32mCreated[0m                                                                            [34m0.2s[0m
[?25h[?25l[5A[0G[+] up 3/4
 [32m✔[0m Network quantg_quantg-network [32mCreated[0m                                                                            [34m0.5s[0m
 [33m-[0m Container quantg-mongo        Starting                                                                           [34m1.4s[0m
 [32m✔[0m Container quantg-backend      [32mCreated[0m                                                                            [34m0.2s[0m
 [32m✔[0m Container quantg-frontend     [32mCreated[0m                                                                            [34m0.2s[0m
[?25h[?25l[5A[0G[+] up 3/4
 [32m✔[0m Network quantg_quantg-network [32mCreated[0m                                                                            [34m0.5s[0m
 [33m-[0m Container quantg-mongo        Starting                                                                           [34m1.5s[0m
 [32m✔[0m Container quantg-backend      [32mCreated[0m                                                                            [34m0.2s[0m
 [32m✔[0m Container quantg-frontend     [32mCreated[0m                                                                            [34m0.2s[0m
[?25h[?25l[5A[0G[+] up 3/4
 [32m✔[0m Network quantg_quantg-network [32mCreated[0m                                                                            [34m0.5s[0m
 [33m-[0m Container quantg-mongo        Starting                                                                           [34m1.6s[0m
 [32m✔[0m Container quantg-backend      [32mCreated[0m                                                                            [34m0.2s[0m
 [32m✔[0m Container quantg-frontend     [32mCreated[0m                                                                            [34m0.2s[0m
[?25h[?25l[5A[0G[+] up 3/4
 [32m✔[0m Network quantg_quantg-network [32mCreated[0m                                                                            [34m0.5s[0m
 [33m-[0m Container quantg-mongo        Starting                                                                           [34m1.7s[0m
 [32m✔[0m Container quantg-backend      [32mCreated[0m                                                                            [34m0.2s[0m
 [32m✔[0m Container quantg-frontend     [32mCreated[0m                                                                            [34m0.2s[0m
[?25h[?25l[5A[0G[+] up 3/4
 [32m✔[0m Network quantg_quantg-network [32mCreated[0m                                                                            [34m0.5s[0m
 [33m-[0m Container quantg-mongo        Starting                                                                           [34m1.8s[0m
 [32m✔[0m Container quantg-backend      [32mCreated[0m                                                                            [34m0.2s[0m
 [32m✔[0m Container quantg-frontend     [32mCreated[0m                                                                            [34m0.2s[0m
[?25h[?25l[5A[0G[+] up 3/4
 [32m✔[0m Network quantg_quantg-network [32mCreated[0m                                                                            [34m0.5s[0m
 [33m-[0m Container quantg-mongo        Starting                                                                           [34m1.9s[0m
 [32m✔[0m Container quantg-backend      [32mCreated[0m                                                                            [34m0.2s[0m
 [32m✔[0m Container quantg-frontend     [32mCreated[0m                                                                            [34m0.2s[0m
[?25h[?25l[5A[0G[+] up 3/4
 [32m✔[0m Network quantg_quantg-network [32mCreated[0m                                                                            [34m0.5s[0m
 [33m-[0m Container quantg-mongo        Starting                                                                           [34m2.0s[0m
 [32m✔[0m Container quantg-backend      [32mCreated[0m                                                                            [34m0.2s[0m
 [32m✔[0m Container quantg-frontend     [32mCreated[0m                                                                            [34m0.2s[0m
[?25h[?25l[5A[0G[+] up 3/4
 [32m✔[0m Network quantg_quantg-network [32mCreated[0m                                                                            [34m0.5s[0m
 [33m-[0m Container quantg-mongo        Starting                                                                           [34m2.1s[0m
 [32m✔[0m Container quantg-backend      [32mCreated[0m                                                                            [34m0.2s[0m
 [32m✔[0m Container quantg-frontend     [32mCreated[0m                                                                            [34m0.2s[0m
[?25h[?25l[5A[0G[+] up 3/4
 [32m✔[0m Network quantg_quantg-network [32mCreated[0m                                                                            [34m0.5s[0m
 [33m-[0m Container quantg-mongo        Starting                                                                           [34m2.2s[0m
 [32m✔[0m Container quantg-backend      [32mCreated[0m                                                                            [34m0.2s[0m
 [32m✔[0m Container quantg-frontend     [32mCreated[0m                                                                            [34m0.2s[0m
[?25h[?25l[5A[0G[+] up 3/4
 [32m✔[0m Network quantg_quantg-network [32mCreated[0m                                                                            [34m0.5s[0m
 [33m-[0m Container quantg-mongo        Starting                                                                           [34m2.3s[0m
 [32m✔[0m Container quantg-backend      [32mCreated[0m                                                                            [34m0.2s[0m
 [32m✔[0m Container quantg-frontend     [32mCreated[0m                                                                            [34m0.2s[0m
[?25h[?25l[5A[0G[+] up 3/4
 [32m✔[0m Network quantg_quantg-network [32mCreated[0m                                                                            [34m0.5s[0m
 [33m-[0m Container quantg-mongo        Waiting                                                                            [34m2.4s[0m
 [32m✔[0m Container quantg-backend      [32mCreated[0m                                                                            [34m0.2s[0m
 [32m✔[0m Container quantg-frontend     [32mCreated[0m                                                                            [34m0.2s[0m
[?25h[?25l[5A[0G[+] up 3/4
 [32m✔[0m Network quantg_quantg-network [32mCreated[0m                                                                            [34m0.5s[0m
 [33m-[0m Container quantg-mongo        Waiting                                                                            [34m2.5s[0m
 [32m✔[0m Container quantg-backend      [32mCreated[0m                                                                            [34m0.2s[0m
 [32m✔[0m Container quantg-frontend     [32mCreated[0m                                                                            [34m0.2s[0m
[?25h[?25l[5A[0G[+] up 3/4
 [32m✔[0m Network quantg_quantg-network [32mCreated[0m                                                                            [34m0.5s[0m
 [33m-[0m Container quantg-mongo        Waiting                                                                            [34m2.6s[0m
 [32m✔[0m Container quantg-backend      [32mCreated[0m                                                                            [34m0.2s[0m
 [32m✔[0m Container quantg-frontend     [32mCreated[0m                                                                            [34m0.2s[0m
[?25h[?25l[5A[0G[+] up 3/4
 [32m✔[0m Network quantg_quantg-network [32mCreated[0m                                                                            [34m0.5s[0m
 [33m-[0m Container quantg-mongo        Waiting                                                                            [34m2.7s[0m
 [32m✔[0m Container quantg-backend      [32mCreated[0m                                                                            [34m0.2s[0m
 [32m✔[0m Container quantg-frontend     [32mCreated[0m                                                                            [34m0.2s[0m
[?25h[?25l[5A[0G[+] up 3/4
 [32m✔[0m Network quantg_quantg-network [32mCreated[0m                                                                            [34m0.5s[0m
 [33m-[0m Container quantg-mongo        Waiting                                                                            [34m2.8s[0m
 [32m✔[0m Container quantg-backend      [32mCreated[0m                                                                            [34m0.2s[0m
 [32m✔[0m Container quantg-frontend     [32mCreated[0m                                                                            [34m0.2s[0m
[?25h[?25l[5A[0G[+] up 3/4
 [32m✔[0m Network quantg_quantg-network [32mCreated[0m                                                                            [34m0.5s[0m
 [33m-[0m Container quantg-mongo        Waiting                                                                            [34m2.9s[0m
 [32m✔[0m Container quantg-backend      [32mCreated[0m                                                                            [34m0.2s[0m
 [32m✔[0m Container quantg-frontend     [32mCreated[0m                                                                            [34m0.2s[0m
[?25h[?25l[5A[0G[+] up 3/4
 [32m✔[0m Network quantg_quantg-network [32mCreated[0m                                                                            [34m0.5s[0m
 [33m-[0m Container quantg-mongo        Waiting                                                                            [34m3.0s[0m
 [32m✔[0m Container quantg-backend      [32mCreated[0m                                                                            [34m0.2s[0m
 [32m✔[0m Container quantg-frontend     [32mCreated[0m                                                                            [34m0.2s[0m
[?25h[?25l[5A[0G[+] up 3/4
 [32m✔[0m Network quantg_quantg-network [32mCreated[0m                                                                            [34m0.5s[0m
 [33m-[0m Container quantg-mongo        Waiting                                                                            [34m3.1s[0m
 [32m✔[0m Container quantg-backend      [32mCreated[0m                                                                            [34m0.2s[0m
 [32m✔[0m Container quantg-frontend     [32mCreated[0m                                                                            [34m0.2s[0m
[?25h[?25l[5A[0G[+] up 3/4
 [32m✔[0m Network quantg_quantg-network [32mCreated[0m                                                                            [34m0.5s[0m
 [33m-[0m Container quantg-mongo        Waiting                                                                            [34m3.2s[0m
 [32m✔[0m Container quantg-backend      [32mCreated[0m                                                                            [34m0.2s[0m
 [32m✔[0m Container quantg-frontend     [32mCreated[0m                                                                            [34m0.2s[0m
[?25h[?25l[5A[0G[+] up 3/4
 [32m✔[0m Network quantg_quantg-network [32mCreated[0m                                                                            [34m0.5s[0m
 [33m-[0m Container quantg-mongo        Waiting                                                                            [34m3.3s[0m
 [32m✔[0m Container quantg-backend      [32mCreated[0m                                                                            [34m0.2s[0m
 [32m✔[0m Container quantg-frontend     [32mCreated[0m                                                                            [34m0.2s[0m
[?25h[?25l[5A[0G[+] up 3/4
 [32m✔[0m Network quantg_quantg-network [32mCreated[0m                                                                            [34m0.5s[0m
 [33m-[0m Container quantg-mongo        Waiting                                                                            [34m3.4s[0m
 [32m✔[0m Container quantg-backend      [32mCreated[0m                                                                            [34m0.2s[0m
 [32m✔[0m Container quantg-frontend     [32mCreated[0m                                                                            [34m0.2s[0m
[?25h[?25l[5A[0G[+] up 3/4
 [32m✔[0m Network quantg_quantg-network [32mCreated[0m                                                                            [34m0.5s[0m
 [33m-[0m Container quantg-mongo        Waiting                                                                            [34m3.5s[0m
 [32m✔[0m Container quantg-backend      [32mCreated[0m                                                                            [34m0.2s[0m
 [32m✔[0m Container quantg-frontend     [32mCreated[0m                                                                            [34m0.2s[0m
[?25h[?25l[5A[0G[+] up 3/4
 [32m✔[0m Network quantg_quantg-network [32mCreated[0m                                                                            [34m0.5s[0m
 [33m-[0m Container quantg-mongo        Waiting                                                                            [34m3.6s[0m
 [32m✔[0m Container quantg-backend      [32mCreated[0m                                                                            [34m0.2s[0m
 [32m✔[0m Container quantg-frontend     [32mCreated[0m                                                                            [34m0.2s[0m
[?25h[?25l[5A[0G[+] up 3/4
 [32m✔[0m Network quantg_quantg-network [32mCreated[0m                                                                            [34m0.5s[0m
 [33m-[0m Container quantg-mongo        Waiting                                                                            [34m3.7s[0m
 [32m✔[0m Container quantg-backend      [32mCreated[0m                                                                            [34m0.2s[0m
 [32m✔[0m Container quantg-frontend     [32mCreated[0m                                                                            [34m0.2s[0m
[?25h[?25l[5A[0G[+] up 3/4
 [32m✔[0m Network quantg_quantg-network [32mCreated[0m                                                                            [34m0.5s[0m
 [33m-[0m Container quantg-mongo        Waiting                                                                            [34m3.8s[0m
 [32m✔[0m Container quantg-backend      [32mCreated[0m                                                                            [34m0.2s[0m
 [32m✔[0m Container quantg-frontend     [32mCreated[0m                                                                            [34m0.2s[0m
[?25h[?25l[5A[0G[+] up 3/4
 [32m✔[0m Network quantg_quantg-network [32mCreated[0m                                                                            [34m0.5s[0m
 [33m-[0m Container quantg-mongo        Waiting                                                                            [34m3.9s[0m
 [32m✔[0m Container quantg-backend      [32mCreated[0m                                                                            [34m0.2s[0m
 [32m✔[0m Container quantg-frontend     [32mCreated[0m                                                                            [34m0.2s[0m
[?25h[?25l[5A[0G[+] up 3/4
 [32m✔[0m Network quantg_quantg-network [32mCreated[0m                                                                            [34m0.5s[0m
 [33m-[0m Container quantg-mongo        Waiting                                                                            [34m4.0s[0m
 [32m✔[0m Container quantg-backend      [32mCreated[0m                                                                            [34m0.2s[0m
 [32m✔[0m Container quantg-frontend     [32mCreated[0m                                                                            [34m0.2s[0m
[?25h[?25l[5A[0G[+] up 3/4
 [32m✔[0m Network quantg_quantg-network [32mCreated[0m                                                                            [34m0.5s[0m
 [33m-[0m Container quantg-mongo        Waiting                                                                            [34m4.1s[0m
 [32m✔[0m Container quantg-backend      [32mCreated[0m                                                                            [34m0.2s[0m
 [32m✔[0m Container quantg-frontend     [32mCreated[0m                                                                            [34m0.2s[0m
[?25h[?25l[5A[0G[+] up 3/4
 [32m✔[0m Network quantg_quantg-network [32mCreated[0m                                                                            [34m0.5s[0m
 [33m-[0m Container quantg-mongo        Waiting                                                                            [34m4.2s[0m
 [32m✔[0m Container quantg-backend      [32mCreated[0m                                                                            [34m0.2s[0m
 [32m✔[0m Container quantg-frontend     [32mCreated[0m                                                                            [34m0.2s[0m
[?25h[?25l[5A[0G[+] up 3/4
 [32m✔[0m Network quantg_quantg-network [32mCreated[0m                                                                            [34m0.5s[0m
 [33m-[0m Container quantg-mongo        Waiting                                                                            [34m4.3s[0m
 [32m✔[0m Container quantg-backend      [32mCreated[0m                                                                            [34m0.2s[0m
 [32m✔[0m Container quantg-frontend     [32mCreated[0m                                                                            [34m0.2s[0m
[?25h[?25l[5A[0G[+] up 3/4
 [32m✔[0m Network quantg_quantg-network [32mCreated[0m                                                                            [34m0.5s[0m
 [33m-[0m Container quantg-mongo        Waiting                                                                            [34m4.4s[0m
 [32m✔[0m Container quantg-backend      [32mCreated[0m                                                                            [34m0.2s[0m
 [32m✔[0m Container quantg-frontend     [32mCreated[0m                                                                            [34m0.2s[0m
[?25h[?25l[5A[0G[+] up 3/4
 [32m✔[0m Network quantg_quantg-network [32mCreated[0m                                                                            [34m0.5s[0m
 [33m-[0m Container quantg-mongo        Waiting                                                                            [34m4.5s[0m
 [32m✔[0m Container quantg-backend      [32mCreated[0m                                                                            [34m0.2s[0m
 [32m✔[0m Container quantg-frontend     [32mCreated[0m                                                                            [34m0.2s[0m
[?25h[?25l[5A[0G[+] up 3/4
 [32m✔[0m Network quantg_quantg-network [32mCreated[0m                                                                            [34m0.5s[0m
 [33m-[0m Container quantg-mongo        Waiting                                                                            [34m4.6s[0m
 [32m✔[0m Container quantg-backend      [32mCreated[0m                                                                            [34m0.2s[0m
 [32m✔[0m Container quantg-frontend     [32mCreated[0m                                                                            [34m0.2s[0m
[?25h[?25l[5A[0G[+] up 3/4
 [32m✔[0m Network quantg_quantg-network [32mCreated[0m                                                                            [34m0.5s[0m
 [33m-[0m Container quantg-mongo        Waiting                                                                            [34m4.7s[0m
 [32m✔[0m Container quantg-backend      [32mCreated[0m                                                                            [34m0.2s[0m
 [32m✔[0m Container quantg-frontend     [32mCreated[0m                                                                            [34m0.2s[0m
[?25h[?25l[5A[0G[+] up 3/4
 [32m✔[0m Network quantg_quantg-network [32mCreated[0m                                                                            [34m0.5s[0m
 [33m-[0m Container quantg-mongo        Waiting                                                                            [34m4.8s[0m
 [32m✔[0m Container quantg-backend      [32mCreated[0m                                                                            [34m0.2s[0m
 [32m✔[0m Container quantg-frontend     [32mCreated[0m                                                                            [34m0.2s[0m
[?25h[?25l[5A[0G[+] up 3/4
 [32m✔[0m Network quantg_quantg-network [32mCreated[0m                                                                            [34m0.5s[0m
 [33m-[0m Container quantg-mongo        Waiting                                                                            [34m4.9s[0m
 [32m✔[0m Container quantg-backend      [32mCreated[0m                                                                            [34m0.2s[0m
 [32m✔[0m Container quantg-frontend     [32mCreated[0m                                                                            [34m0.2s[0m
[?25h[?25l[5A[0G[+] up 3/4
 [32m✔[0m Network quantg_quantg-network [32mCreated[0m                                                                            [34m0.5s[0m
 [33m-[0m Container quantg-mongo        Waiting                                                                            [34m5.0s[0m
 [32m✔[0m Container quantg-backend      [32mCreated[0m                                                                            [34m0.2s[0m
 [32m✔[0m Container quantg-frontend     [32mCreated[0m                                                                            [34m0.2s[0m
[?25h[?25l[5A[0G[+] up 3/4
 [32m✔[0m Network quantg_quantg-network [32mCreated[0m                                                                            [34m0.5s[0m
 [33m-[0m Container quantg-mongo        Waiting                                                                            [34m5.1s[0m
 [32m✔[0m Container quantg-backend      [32mCreated[0m                                                                            [34m0.2s[0m
 [32m✔[0m Container quantg-frontend     [32mCreated[0m                                                                            [34m0.2s[0m
[?25h[?25l[5A[0G[+] up 3/4
 [32m✔[0m Network quantg_quantg-network [32mCreated[0m                                                                            [34m0.5s[0m
 [33m-[0m Container quantg-mongo        Waiting                                                                            [34m5.2s[0m
 [32m✔[0m Container quantg-backend      [32mCreated[0m                                                                            [34m0.2s[0m
 [32m✔[0m Container quantg-frontend     [32mCreated[0m                                                                            [34m0.2s[0m
[?25h[?25l[5A[0G[+] up 3/4
 [32m✔[0m Network quantg_quantg-network [32mCreated[0m                                                                            [34m0.5s[0m
 [33m-[0m Container quantg-mongo        Waiting                                                                            [34m5.3s[0m
 [32m✔[0m Container quantg-backend      [32mCreated[0m                                                                            [34m0.2s[0m
 [32m✔[0m Container quantg-frontend     [32mCreated[0m                                                                            [34m0.2s[0m
[?25h[?25l[5A[0G[+] up 3/4
 [32m✔[0m Network quantg_quantg-network [32mCreated[0m                                                                            [34m0.5s[0m
 [33m-[0m Container quantg-mongo        Waiting                                                                            [34m5.4s[0m
 [32m✔[0m Container quantg-backend      [32mCreated[0m                                                                            [34m0.2s[0m
 [32m✔[0m Container quantg-frontend     [32mCreated[0m                                                                            [34m0.2s[0m
[?25h[?25l[5A[0G[+] up 3/4
 [32m✔[0m Network quantg_quantg-network [32mCreated[0m                                                                            [34m0.5s[0m
 [33m-[0m Container quantg-mongo        Waiting                                                                            [34m5.5s[0m
 [32m✔[0m Container quantg-backend      [32mCreated[0m                                                                            [34m0.2s[0m
 [32m✔[0m Container quantg-frontend     [32mCreated[0m                                                                            [34m0.2s[0m
[?25h[?25l[5A[0G[+] up 3/4
 [32m✔[0m Network quantg_quantg-network [32mCreated[0m                                                                            [34m0.5s[0m
 [33m-[0m Container quantg-mongo        Waiting                                                                            [34m5.6s[0m
 [32m✔[0m Container quantg-backend      [32mCreated[0m                                                                            [34m0.2s[0m
 [32m✔[0m Container quantg-frontend     [32mCreated[0m                                                                            [34m0.2s[0m
[?25h[?25l[5A[0G[+] up 3/4
 [32m✔[0m Network quantg_quantg-network [32mCreated[0m                                                                            [34m0.5s[0m
 [33m-[0m Container quantg-mongo        Waiting                                                                            [34m5.7s[0m
 [32m✔[0m Container quantg-backend      [32mCreated[0m                                                                            [34m0.2s[0m
 [32m✔[0m Container quantg-frontend     [32mCreated[0m                                                                            [34m0.2s[0m
[?25h[?25l[5A[0G[+] up 3/4
 [32m✔[0m Network quantg_quantg-network [32mCreated[0m                                                                            [34m0.5s[0m
 [33m-[0m Container quantg-mongo        Waiting                                                                            [34m5.8s[0m
 [32m✔[0m Container quantg-backend      [32mCreated[0m                                                                            [34m0.2s[0m
 [32m✔[0m Container quantg-frontend     [32mCreated[0m                                                                            [34m0.2s[0m
[?25h[?25l[5A[0G[+] up 3/4
 [32m✔[0m Network quantg_quantg-network [32mCreated[0m                                                                            [34m0.5s[0m
 [33m-[0m Container quantg-mongo        Waiting                                                                            [34m5.9s[0m
 [32m✔[0m Container quantg-backend      [32mCreated[0m                                                                            [34m0.2s[0m
 [32m✔[0m Container quantg-frontend     [32mCreated[0m                                                                            [34m0.2s[0m
[?25h[?25l[5A[0G[+] up 3/4
 [32m✔[0m Network quantg_quantg-network [32mCreated[0m                                                                            [34m0.5s[0m
 [33m-[0m Container quantg-mongo        Waiting                                                                            [34m6.0s[0m
 [32m✔[0m Container quantg-backend      [32mCreated[0m                                                                            [34m0.2s[0m
 [32m✔[0m Container quantg-frontend     [32mCreated[0m                                                                            [34m0.2s[0m
[?25h[?25l[5A[0G[+] up 3/4
 [32m✔[0m Network quantg_quantg-network [32mCreated[0m                                                                            [34m0.5s[0m
 [33m-[0m Container quantg-mongo        Waiting                                                                            [34m6.1s[0m
 [32m✔[0m Container quantg-backend      [32mCreated[0m                                                                            [34m0.2s[0m
 [32m✔[0m Container quantg-frontend     [32mCreated[0m                                                                            [34m0.2s[0m
[?25h[?25l[5A[0G[+] up 3/4
 [32m✔[0m Network quantg_quantg-network [32mCreated[0m                                                                            [34m0.5s[0m
 [33m-[0m Container quantg-mongo        Waiting                                                                            [34m6.2s[0m
 [32m✔[0m Container quantg-backend      [32mCreated[0m                                                                            [34m0.2s[0m
 [32m✔[0m Container quantg-frontend     [32mCreated[0m                                                                            [34m0.2s[0m
[?25h[?25l[5A[0G[+] up 3/4
 [32m✔[0m Network quantg_quantg-network [32mCreated[0m                                                                            [34m0.5s[0m
 [33m-[0m Container quantg-mongo        Waiting                                                                            [34m6.3s[0m
 [32m✔[0m Container quantg-backend      [32mCreated[0m                                                                            [34m0.2s[0m
 [32m✔[0m Container quantg-frontend     [32mCreated[0m                                                                            [34m0.2s[0m
[?25h[?25l[5A[0G[+] up 3/4
 [32m✔[0m Network quantg_quantg-network [32mCreated[0m                                                                            [34m0.5s[0m
 [33m-[0m Container quantg-mongo        Waiting                                                                            [34m6.4s[0m
 [32m✔[0m Container quantg-backend      [32mCreated[0m                                                                            [34m0.2s[0m
 [32m✔[0m Container quantg-frontend     [32mCreated[0m                                                                            [34m0.2s[0m
[?25h[?25l[5A[0G[+] up 3/4
 [32m✔[0m Network quantg_quantg-network [32mCreated[0m                                                                            [34m0.5s[0m
 [33m-[0m Container quantg-mongo        Waiting                                                                            [34m6.5s[0m
 [32m✔[0m Container quantg-backend      [32mCreated[0m                                                                            [34m0.2s[0m
 [32m✔[0m Container quantg-frontend     [32mCreated[0m                                                                            [34m0.2s[0m
[?25h[?25l[5A[0G[+] up 3/4
 [32m✔[0m Network quantg_quantg-network [32mCreated[0m                                                                            [34m0.5s[0m
 [33m-[0m Container quantg-mongo        Waiting                                                                            [34m6.6s[0m
 [32m✔[0m Container quantg-backend      [32mCreated[0m                                                                            [34m0.2s[0m
 [32m✔[0m Container quantg-frontend     [32mCreated[0m                                                                            [34m0.2s[0m
[?25h[?25l[5A[0G[+] up 3/4
 [32m✔[0m Network quantg_quantg-network [32mCreated[0m                                                                            [34m0.5s[0m
 [33m-[0m Container quantg-mongo        Waiting                                                                            [34m6.7s[0m
 [32m✔[0m Container quantg-backend      [32mCreated[0m                                                                            [34m0.2s[0m
 [32m✔[0m Container quantg-frontend     [32mCreated[0m                                                                            [34m0.2s[0m
[?25h[?25l[5A[0G[+] up 3/4
 [32m✔[0m Network quantg_quantg-network [32mCreated[0m                                                                            [34m0.5s[0m
 [33m-[0m Container quantg-mongo        Waiting                                                                            [34m6.8s[0m
 [32m✔[0m Container quantg-backend      [32mCreated[0m                                                                            [34m0.2s[0m
 [32m✔[0m Container quantg-frontend     [32mCreated[0m                                                                            [34m0.2s[0m
[?25h[?25l[5A[0G[+] up 3/4
 [32m✔[0m Network quantg_quantg-network [32mCreated[0m                                                                            [34m0.5s[0m
 [33m-[0m Container quantg-mongo        Waiting                                                                            [34m6.9s[0m
 [32m✔[0m Container quantg-backend      [32mCreated[0m                                                                            [34m0.2s[0m
 [32m✔[0m Container quantg-frontend     [32mCreated[0m                                                                            [34m0.2s[0m
[?25h[?25l[5A[0G[+] up 3/4
 [32m✔[0m Network quantg_quantg-network [32mCreated[0m                                                                            [34m0.5s[0m
 [33m-[0m Container quantg-mongo        Waiting                                                                            [34m7.0s[0m
 [32m✔[0m Container quantg-backend      [32mCreated[0m                                                                            [34m0.2s[0m
 [32m✔[0m Container quantg-frontend     [32mCreated[0m                                                                            [34m0.2s[0m
[?25h[?25l[5A[0G[+] up 3/4
 [32m✔[0m Network quantg_quantg-network [32mCreated[0m                                                                            [34m0.5s[0m
 [33m-[0m Container quantg-mongo        Waiting                                                                            [34m7.1s[0m
 [32m✔[0m Container quantg-backend      [32mCreated[0m                                                                            [34m0.2s[0m
 [32m✔[0m Container quantg-frontend     [32mCreated[0m                                                                            [34m0.2s[0m
[?25h[?25l[5A[0G[+] up 3/4
 [32m✔[0m Network quantg_quantg-network [32mCreated[0m                                                                            [34m0.5s[0m
 [33m-[0m Container quantg-mongo        Waiting                                                                            [34m7.2s[0m
 [32m✔[0m Container quantg-backend      [32mCreated[0m                                                                            [34m0.2s[0m
 [32m✔[0m Container quantg-frontend     [32mCreated[0m                                                                            [34m0.2s[0m
[?25h[?25l[5A[0G[+] up 3/4
 [32m✔[0m Network quantg_quantg-network [32mCreated[0m                                                                            [34m0.5s[0m
 [33m-[0m Container quantg-mongo        Waiting                                                                            [34m7.3s[0m
 [32m✔[0m Container quantg-backend      [32mCreated[0m                                                                            [34m0.2s[0m
 [32m✔[0m Container quantg-frontend     [32mCreated[0m                                                                            [34m0.2s[0m
[?25h[?25l[5A[0G[+] up 3/4
 [32m✔[0m Network quantg_quantg-network [32mCreated[0m                                                                            [34m0.5s[0m
 [33m-[0m Container quantg-mongo        Waiting                                                                            [34m7.4s[0m
 [32m✔[0m Container quantg-backend      [32mCreated[0m                                                                            [34m0.2s[0m
 [32m✔[0m Container quantg-frontend     [32mCreated[0m                                                                            [34m0.2s[0m
[?25h[?25l[5A[0G[+] up 3/4
 [32m✔[0m Network quantg_quantg-network [32mCreated[0m                                                                            [34m0.5s[0m
 [33m-[0m Container quantg-mongo        Waiting                                                                            [34m7.5s[0m
 [32m✔[0m Container quantg-backend      [32mCreated[0m                                                                            [34m0.2s[0m
 [32m✔[0m Container quantg-frontend     [32mCreated[0m                                                                            [34m0.2s[0m
[?25h[?25l[5A[0G[+] up 3/4
 [32m✔[0m Network quantg_quantg-network [32mCreated[0m                                                                            [34m0.5s[0m
 [33m-[0m Container quantg-mongo        Waiting                                                                            [34m7.6s[0m
 [32m✔[0m Container quantg-backend      [32mCreated[0m                                                                            [34m0.2s[0m
 [32m✔[0m Container quantg-frontend     [32mCreated[0m                                                                            [34m0.2s[0m
[?25h[?25l[5A[0G[+] up 3/4
 [32m✔[0m Network quantg_quantg-network [32mCreated[0m                                                                            [34m0.5s[0m
 [33m-[0m Container quantg-mongo        Waiting                                                                            [34m7.7s[0m
 [32m✔[0m Container quantg-backend      [32mCreated[0m                                                                            [34m0.2s[0m
 [32m✔[0m Container quantg-frontend     [32mCreated[0m                                                                            [34m0.2s[0m
[?25h[?25l[5A[0G[+] up 3/4
 [32m✔[0m Network quantg_quantg-network [32mCreated[0m                                                                            [34m0.5s[0m
 [33m-[0m Container quantg-mongo        Waiting                                                                            [34m7.8s[0m
 [32m✔[0m Container quantg-backend      [32mCreated[0m                                                                            [34m0.2s[0m
 [32m✔[0m Container quantg-frontend     [32mCreated[0m                                                                            [34m0.2s[0m
[?25h[?25l[5A[0G[+] up 3/4
 [32m✔[0m Network quantg_quantg-network [32mCreated[0m                                                                            [34m0.5s[0m
 [33m-[0m Container quantg-mongo        Waiting                                                                            [34m7.9s[0m
 [32m✔[0m Container quantg-backend      [32mCreated[0m                                                                            [34m0.2s[0m
 [32m✔[0m Container quantg-frontend     [32mCreated[0m                                                                            [34m0.2s[0m
[?25h[?25l[5A[0G[+] up 3/4
 [32m✔[0m Network quantg_quantg-network [32mCreated[0m                                                                            [34m0.5s[0m
 [33m-[0m Container quantg-mongo        Waiting                                                                            [34m8.0s[0m
 [32m✔[0m Container quantg-backend      [32mCreated[0m                                                                            [34m0.2s[0m
 [32m✔[0m Container quantg-frontend     [32mCreated[0m                                                                            [34m0.2s[0m
[?25h[?25l[5A[0G[+] up 3/4
 [32m✔[0m Network quantg_quantg-network [32mCreated[0m                                                                            [34m0.5s[0m
 [33m-[0m Container quantg-mongo        Waiting                                                                            [34m8.1s[0m
 [32m✔[0m Container quantg-backend      [32mCreated[0m                                                                            [34m0.2s[0m
 [32m✔[0m Container quantg-frontend     [32mCreated[0m                                                                            [34m0.2s[0m
[?25h[?25l[5A[0G[+] up 3/4
 [32m✔[0m Network quantg_quantg-network [32mCreated[0m                                                                            [34m0.5s[0m
 [33m-[0m Container quantg-mongo        Waiting                                                                            [34m8.2s[0m
 [32m✔[0m Container quantg-backend      [32mCreated[0m                                                                            [34m0.2s[0m
 [32m✔[0m Container quantg-frontend     [32mCreated[0m                                                                            [34m0.2s[0m
[?25h[?25l[5A[0G[+] up 3/4
 [32m✔[0m Network quantg_quantg-network [32mCreated[0m                                                                            [34m0.5s[0m
 [33m-[0m Container quantg-mongo        Waiting                                                                            [34m8.3s[0m
 [32m✔[0m Container quantg-backend      [32mCreated[0m                                                                            [34m0.2s[0m
 [32m✔[0m Container quantg-frontend     [32mCreated[0m                                                                            [34m0.2s[0m
[?25h[?25l[5A[0G[+] up 3/4
 [32m✔[0m Network quantg_quantg-network [32mCreated[0m                                                                            [34m0.5s[0m
 [33m-[0m Container quantg-mongo        Waiting                                                                            [34m8.4s[0m
 [32m✔[0m Container quantg-backend      [32mCreated[0m                                                                            [34m0.2s[0m
 [32m✔[0m Container quantg-frontend     [32mCreated[0m                                                                            [34m0.2s[0m
[?25h[?25l[5A[0G[+] up 3/4
 [32m✔[0m Network quantg_quantg-network [32mCreated[0m                                                                            [34m0.5s[0m
 [33m-[0m Container quantg-mongo        Waiting                                                                            [34m8.5s[0m
 [32m✔[0m Container quantg-backend      [32mCreated[0m                                                                            [34m0.2s[0m
 [32m✔[0m Container quantg-frontend     [32mCreated[0m                                                                            [34m0.2s[0m
[?25h[?25l[5A[0G[+] up 3/4
 [32m✔[0m Network quantg_quantg-network [32mCreated[0m                                                                            [34m0.5s[0m
 [33m-[0m Container quantg-mongo        Waiting                                                                            [34m8.6s[0m
 [32m✔[0m Container quantg-backend      [32mCreated[0m                                                                            [34m0.2s[0m
 [32m✔[0m Container quantg-frontend     [32mCreated[0m                                                                            [34m0.2s[0m
[?25h[?25l[5A[0G[+] up 3/4
 [32m✔[0m Network quantg_quantg-network [32mCreated[0m                                                                            [34m0.5s[0m
 [33m-[0m Container quantg-mongo        Waiting                                                                            [34m8.7s[0m
 [32m✔[0m Container quantg-backend      [32mCreated[0m                                                                            [34m0.2s[0m
 [32m✔[0m Container quantg-frontend     [32mCreated[0m                                                                            [34m0.2s[0m
[?25h[?25l[5A[0G[+] up 3/4
 [32m✔[0m Network quantg_quantg-network [32mCreated[0m                                                                            [34m0.5s[0m
 [33m-[0m Container quantg-mongo        Waiting                                                                            [34m8.8s[0m
 [32m✔[0m Container quantg-backend      [32mCreated[0m                                                                            [34m0.2s[0m
 [32m✔[0m Container quantg-frontend     [32mCreated[0m                                                                            [34m0.2s[0m
[?25h[?25l[5A[0G[+] up 3/4
 [32m✔[0m Network quantg_quantg-network [32mCreated[0m                                                                            [34m0.5s[0m
 [33m-[0m Container quantg-mongo        Waiting                                                                            [34m8.9s[0m
 [32m✔[0m Container quantg-backend      [32mCreated[0m                                                                            [34m0.2s[0m
 [32m✔[0m Container quantg-frontend     [32mCreated[0m                                                                            [34m0.2s[0m
[?25h[?25l[5A[0G[+] up 3/4
 [32m✔[0m Network quantg_quantg-network [32mCreated[0m                                                                            [34m0.5s[0m
 [33m-[0m Container quantg-mongo        Waiting                                                                            [34m9.0s[0m
 [32m✔[0m Container quantg-backend      [32mCreated[0m                                                                            [34m0.2s[0m
 [32m✔[0m Container quantg-frontend     [32mCreated[0m                                                                            [34m0.2s[0m
[?25h[?25l[5A[0G[+] up 3/4
 [32m✔[0m Network quantg_quantg-network [32mCreated[0m                                                                            [34m0.5s[0m
 [33m-[0m Container quantg-mongo        Waiting                                                                            [34m9.1s[0m
 [32m✔[0m Container quantg-backend      [32mCreated[0m                                                                            [34m0.2s[0m
 [32m✔[0m Container quantg-frontend     [32mCreated[0m                                                                            [34m0.2s[0m
[?25h[?25l[5A[0G[+] up 3/4
 [32m✔[0m Network quantg_quantg-network [32mCreated[0m                                                                            [34m0.5s[0m
 [33m-[0m Container quantg-mongo        Waiting                                                                            [34m9.2s[0m
 [32m✔[0m Container quantg-backend      [32mCreated[0m                                                                            [34m0.2s[0m
 [32m✔[0m Container quantg-frontend     [32mCreated[0m                                                                            [34m0.2s[0m
[?25h[?25l[5A[0G[+] up 3/4
 [32m✔[0m Network quantg_quantg-network [32mCreated[0m                                                                            [34m0.5s[0m
 [33m-[0m Container quantg-mongo        Waiting                                                                            [34m9.3s[0m
 [32m✔[0m Container quantg-backend      [32mCreated[0m                                                                            [34m0.2s[0m
 [32m✔[0m Container quantg-frontend     [32mCreated[0m                                                                            [34m0.2s[0m
[?25h[?25l[5A[0G[+] up 3/4
 [32m✔[0m Network quantg_quantg-network [32mCreated[0m                                                                            [34m0.5s[0m
 [33m-[0m Container quantg-mongo        Waiting                                                                            [34m9.4s[0m
 [32m✔[0m Container quantg-backend      [32mCreated[0m                                                                            [34m0.2s[0m
 [32m✔[0m Container quantg-frontend     [32mCreated[0m                                                                            [34m0.2s[0m
[?25h[?25l[5A[0G[+] up 3/4
 [32m✔[0m Network quantg_quantg-network [32mCreated[0m                                                                            [34m0.5s[0m
 [33m-[0m Container quantg-mongo        Waiting                                                                            [34m9.5s[0m
 [32m✔[0m Container quantg-backend      [32mCreated[0m                                                                            [34m0.2s[0m
 [32m✔[0m Container quantg-frontend     [32mCreated[0m                                                                            [34m0.2s[0m
[?25h[?25l[5A[0G[+] up 3/4
 [32m✔[0m Network quantg_quantg-network [32mCreated[0m                                                                            [34m0.5s[0m
 [33m-[0m Container quantg-mongo        Waiting                                                                            [34m9.6s[0m
 [32m✔[0m Container quantg-backend      [32mCreated[0m                                                                            [34m0.2s[0m
 [32m✔[0m Container quantg-frontend     [32mCreated[0m                                                                            [34m0.2s[0m
[?25h[?25l[5A[0G[+] up 3/4
 [32m✔[0m Network quantg_quantg-network [32mCreated[0m                                                                            [34m0.5s[0m
 [33m-[0m Container quantg-mongo        Waiting                                                                            [34m9.7s[0m
 [32m✔[0m Container quantg-backend      [32mCreated[0m                                                                            [34m0.2s[0m
 [32m✔[0m Container quantg-frontend     [32mCreated[0m                                                                            [34m0.2s[0m
[?25h[?25l[5A[0G[+] up 3/4
 [32m✔[0m Network quantg_quantg-network [32mCreated[0m                                                                            [34m0.5s[0m
 [33m-[0m Container quantg-mongo        Waiting                                                                            [34m9.8s[0m
 [32m✔[0m Container quantg-backend      [32mCreated[0m                                                                            [34m0.2s[0m
 [32m✔[0m Container quantg-frontend     [32mCreated[0m                                                                            [34m0.2s[0m
[?25h[?25l[5A[0G[+] up 3/4
 [32m✔[0m Network quantg_quantg-network [32mCreated[0m                                                                            [34m0.5s[0m
 [33m-[0m Container quantg-mongo        Waiting                                                                            [34m9.9s[0m
 [32m✔[0m Container quantg-backend      [32mCreated[0m                                                                            [34m0.2s[0m
 [32m✔[0m Container quantg-frontend     [32mCreated[0m                                                                            [34m0.2s[0m
[?25h[?25l[5A[0G[+] up 3/4
 [32m✔[0m Network quantg_quantg-network [32mCreated[0m                                                                           [34m 0.5s[0m
 [33m-[0m Container quantg-mongo        Waiting                                                                           [34m10.0s[0m
 [32m✔[0m Container quantg-backend      [32mCreated[0m                                                                           [34m 0.2s[0m
 [32m✔[0m Container quantg-frontend     [32mCreated[0m                                                                           [34m 0.2s[0m
[?25h[?25l[5A[0G[+] up 3/4
 [32m✔[0m Network quantg_quantg-network [32mCreated[0m                                                                           [34m 0.5s[0m
 [33m-[0m Container quantg-mongo        Waiting                                                                           [34m10.1s[0m
 [32m✔[0m Container quantg-backend      [32mCreated[0m                                                                           [34m 0.2s[0m
 [32m✔[0m Container quantg-frontend     [32mCreated[0m                                                                           [34m 0.2s[0m
[?25h[?25l[5A[0G[+] up 3/4
 [32m✔[0m Network quantg_quantg-network [32mCreated[0m                                                                           [34m 0.5s[0m
 [33m-[0m Container quantg-mongo        Waiting                                                                           [34m10.2s[0m
 [32m✔[0m Container quantg-backend      [32mCreated[0m                                                                           [34m 0.2s[0m
 [32m✔[0m Container quantg-frontend     [32mCreated[0m                                                                           [34m 0.2s[0m
[?25h[?25l[5A[0G[+] up 3/4
 [32m✔[0m Network quantg_quantg-network [32mCreated[0m                                                                           [34m 0.5s[0m
 [33m-[0m Container quantg-mongo        Waiting                                                                           [34m10.3s[0m
 [32m✔[0m Container quantg-backend      [32mCreated[0m                                                                           [34m 0.2s[0m
 [32m✔[0m Container quantg-frontend     [32mCreated[0m                                                                           [34m 0.2s[0m
[?25h[?25l[5A[0G[+] up 3/4
 [32m✔[0m Network quantg_quantg-network [32mCreated[0m                                                                           [34m 0.5s[0m
 [33m-[0m Container quantg-mongo        Waiting                                                                           [34m10.4s[0m
 [32m✔[0m Container quantg-backend      [32mCreated[0m                                                                           [34m 0.2s[0m
 [32m✔[0m Container quantg-frontend     [32mCreated[0m                                                                           [34m 0.2s[0m
[?25h[?25l[5A[0G[+] up 3/4
 [32m✔[0m Network quantg_quantg-network [32mCreated[0m                                                                           [34m 0.5s[0m
 [33m-[0m Container quantg-mongo        Waiting                                                                           [34m10.5s[0m
 [32m✔[0m Container quantg-backend      [32mCreated[0m                                                                           [34m 0.2s[0m
 [32m✔[0m Container quantg-frontend     [32mCreated[0m                                                                           [34m 0.2s[0m
[?25h[?25l[5A[0G[+] up 3/4
 [32m✔[0m Network quantg_quantg-network [32mCreated[0m                                                                           [34m 0.5s[0m
 [33m-[0m Container quantg-mongo        Waiting                                                                           [34m10.6s[0m
 [32m✔[0m Container quantg-backend      [32mCreated[0m                                                                           [34m 0.2s[0m
 [32m✔[0m Container quantg-frontend     [32mCreated[0m                                                                           [34m 0.2s[0m
[?25h[?25l[5A[0G[+] up 3/4
 [32m✔[0m Network quantg_quantg-network [32mCreated[0m                                                                           [34m 0.5s[0m
 [33m-[0m Container quantg-mongo        Waiting                                                                           [34m10.7s[0m
 [32m✔[0m Container quantg-backend      [32mCreated[0m                                                                           [34m 0.2s[0m
 [32m✔[0m Container quantg-frontend     [32mCreated[0m                                                                           [34m 0.2s[0m
[?25h[?25l[5A[0G[+] up 3/4
 [32m✔[0m Network quantg_quantg-network [32mCreated[0m                                                                           [34m 0.5s[0m
 [33m-[0m Container quantg-mongo        Waiting                                                                           [34m10.8s[0m
 [32m✔[0m Container quantg-backend      [32mCreated[0m                                                                           [34m 0.2s[0m
 [32m✔[0m Container quantg-frontend     [32mCreated[0m                                                                           [34m 0.2s[0m
[?25h[?25l[5A[0G[+] up 3/4
 [32m✔[0m Network quantg_quantg-network [32mCreated[0m                                                                           [34m 0.5s[0m
 [33m-[0m Container quantg-mongo        Waiting                                                                           [34m10.9s[0m
 [32m✔[0m Container quantg-backend      [32mCreated[0m                                                                           [34m 0.2s[0m
 [32m✔[0m Container quantg-frontend     [32mCreated[0m                                                                           [34m 0.2s[0m
[?25h[?25l[5A[0G[+] up 3/4
 [32m✔[0m Network quantg_quantg-network [32mCreated[0m                                                                           [34m 0.5s[0m
 [33m-[0m Container quantg-mongo        Waiting                                                                           [34m11.0s[0m
 [32m✔[0m Container quantg-backend      [32mCreated[0m                                                                           [34m 0.2s[0m
 [32m✔[0m Container quantg-frontend     [32mCreated[0m                                                                           [34m 0.2s[0m
[?25h[?25l[5A[0G[+] up 3/4
 [32m✔[0m Network quantg_quantg-network [32mCreated[0m                                                                           [34m 0.5s[0m
 [33m-[0m Container quantg-mongo        Waiting                                                                           [34m11.1s[0m
 [32m✔[0m Container quantg-backend      [32mCreated[0m                                                                           [34m 0.2s[0m
 [32m✔[0m Container quantg-frontend     [32mCreated[0m                                                                           [34m 0.2s[0m
[?25h[?25l[5A[0G[+] up 3/4
 [32m✔[0m Network quantg_quantg-network [32mCreated[0m                                                                           [34m 0.5s[0m
 [33m-[0m Container quantg-mongo        Waiting                                                                           [34m11.2s[0m
 [32m✔[0m Container quantg-backend      [32mCreated[0m                                                                           [34m 0.2s[0m
 [32m✔[0m Container quantg-frontend     [32mCreated[0m                                                                           [34m 0.2s[0m
[?25h[?25l[5A[0G[+] up 3/4
 [32m✔[0m Network quantg_quantg-network [32mCreated[0m                                                                           [34m 0.5s[0m
 [33m-[0m Container quantg-mongo        Waiting                                                                           [34m11.3s[0m
 [32m✔[0m Container quantg-backend      [32mCreated[0m                                                                           [34m 0.2s[0m
 [32m✔[0m Container quantg-frontend     [32mCreated[0m                                                                           [34m 0.2s[0m
[?25h[?25l[5A[0G[+] up 3/4
 [32m✔[0m Network quantg_quantg-network [32mCreated[0m                                                                           [34m 0.5s[0m
 [33m-[0m Container quantg-mongo        Waiting                                                                           [34m11.4s[0m
 [32m✔[0m Container quantg-backend      [32mCreated[0m                                                                           [34m 0.2s[0m
 [32m✔[0m Container quantg-frontend     [32mCreated[0m                                                                           [34m 0.2s[0m
[?25h[?25l[5A[0G[+] up 3/4
 [32m✔[0m Network quantg_quantg-network [32mCreated[0m                                                                           [34m 0.5s[0m
 [33m-[0m Container quantg-mongo        Waiting                                                                           [34m11.5s[0m
 [32m✔[0m Container quantg-backend      [32mCreated[0m                                                                           [34m 0.2s[0m
 [32m✔[0m Container quantg-frontend     [32mCreated[0m                                                                           [34m 0.2s[0m
[?25h[?25l[5A[0G[+] up 3/4
 [32m✔[0m Network quantg_quantg-network [32mCreated[0m                                                                           [34m 0.5s[0m
 [33m-[0m Container quantg-mongo        Waiting                                                                           [34m11.6s[0m
 [32m✔[0m Container quantg-backend      [32mCreated[0m                                                                           [34m 0.2s[0m
 [32m✔[0m Container quantg-frontend     [32mCreated[0m                                                                           [34m 0.2s[0m
[?25h[?25l[5A[0G[+] up 3/4
 [32m✔[0m Network quantg_quantg-network [32mCreated[0m                                                                           [34m 0.5s[0m
 [33m-[0m Container quantg-mongo        Waiting                                                                           [34m11.7s[0m
 [32m✔[0m Container quantg-backend      [32mCreated[0m                                                                           [34m 0.2s[0m
 [32m✔[0m Container quantg-frontend     [32mCreated[0m                                                                           [34m 0.2s[0m
[?25h[?25l[5A[0G[+] up 3/4
 [32m✔[0m Network quantg_quantg-network [32mCreated[0m                                                                           [34m 0.5s[0m
 [33m-[0m Container quantg-mongo        Waiting                                                                           [34m11.8s[0m
 [32m✔[0m Container quantg-backend      [32mCreated[0m                                                                           [34m 0.2s[0m
 [32m✔[0m Container quantg-frontend     [32mCreated[0m                                                                           [34m 0.2s[0m
[?25h[?25l[5A[0G[+] up 3/4
 [32m✔[0m Network quantg_quantg-network [32mCreated[0m                                                                           [34m 0.5s[0m
 [33m-[0m Container quantg-mongo        Waiting                                                                           [34m11.9s[0m
 [32m✔[0m Container quantg-backend      [32mCreated[0m                                                                           [34m 0.2s[0m
 [32m✔[0m Container quantg-frontend     [32mCreated[0m                                                                           [34m 0.2s[0m
[?25h[?25l[5A[0G[+] up 3/4
 [32m✔[0m Network quantg_quantg-network [32mCreated[0m                                                                           [34m 0.5s[0m
 [33m-[0m Container quantg-mongo        Waiting                                                                           [34m12.0s[0m
 [32m✔[0m Container quantg-backend      [32mCreated[0m                                                                           [34m 0.2s[0m
 [32m✔[0m Container quantg-frontend     [32mCreated[0m                                                                           [34m 0.2s[0m
[?25h[?25l[5A[0G[+] up 3/4
 [32m✔[0m Network quantg_quantg-network [32mCreated[0m                                                                           [34m 0.5s[0m
 [33m-[0m Container quantg-mongo        Waiting                                                                           [34m12.1s[0m
 [32m✔[0m Container quantg-backend      [32mCreated[0m                                                                           [34m 0.2s[0m
 [32m✔[0m Container quantg-frontend     [32mCreated[0m                                                                           [34m 0.2s[0m
[?25h[?25l[5A[0G[+] up 3/4
 [32m✔[0m Network quantg_quantg-network [32mCreated[0m                                                                           [34m 0.5s[0m
 [33m-[0m Container quantg-mongo        Waiting                                                                           [34m12.2s[0m
 [32m✔[0m Container quantg-backend      [32mCreated[0m                                                                           [34m 0.2s[0m
 [32m✔[0m Container quantg-frontend     [32mCreated[0m                                                                           [34m 0.2s[0m
[?25h[?25l[5A[0G[+] up 3/4
 [32m✔[0m Network quantg_quantg-network [32mCreated[0m                                                                           [34m 0.5s[0m
 [33m-[0m Container quantg-mongo        Waiting                                                                           [34m12.3s[0m
 [32m✔[0m Container quantg-backend      [32mCreated[0m                                                                           [34m 0.2s[0m
 [32m✔[0m Container quantg-frontend     [32mCreated[0m                                                                           [34m 0.2s[0m
[?25h[?25l[5A[0G[+] up 3/4
 [32m✔[0m Network quantg_quantg-network [32mCreated[0m                                                                           [34m 0.5s[0m
 [33m-[0m Container quantg-mongo        Waiting                                                                           [34m12.4s[0m
 [32m✔[0m Container quantg-backend      [32mCreated[0m                                                                           [34m 0.2s[0m
 [32m✔[0m Container quantg-frontend     [32mCreated[0m                                                                           [34m 0.2s[0m
[?25h[?25l[5A[0G[+] up 3/4
 [32m✔[0m Network quantg_quantg-network [32mCreated[0m                                                                           [34m 0.5s[0m
 [33m-[0m Container quantg-mongo        Waiting                                                                           [34m12.5s[0m
 [32m✔[0m Container quantg-backend      [32mCreated[0m                                                                           [34m 0.2s[0m
 [32m✔[0m Container quantg-frontend     [32mCreated[0m                                                                           [34m 0.2s[0m
[?25h[?25l[5A[0G[+] up 3/4
 [32m✔[0m Network quantg_quantg-network [32mCreated[0m                                                                           [34m 0.5s[0m
 [33m-[0m Container quantg-mongo        Waiting                                                                           [34m12.6s[0m
 [32m✔[0m Container quantg-backend      [32mCreated[0m                                                                           [34m 0.2s[0m
 [32m✔[0m Container quantg-frontend     [32mCreated[0m                                                                           [34m 0.2s[0m
[?25h[?25l[5A[0G[+] up 3/4
 [32m✔[0m Network quantg_quantg-network [32mCreated[0m                                                                           [34m 0.5s[0m
 [33m-[0m Container quantg-mongo        Waiting                                                                           [34m12.7s[0m
 [32m✔[0m Container quantg-backend      [32mCreated[0m                                                                           [34m 0.2s[0m
 [32m✔[0m Container quantg-frontend     [32mCreated[0m                                                                           [34m 0.2s[0m
[?25h[?25l[5A[0G[+] up 3/4
 [32m✔[0m Network quantg_quantg-network [32mCreated[0m                                                                           [34m 0.5s[0m
 [33m-[0m Container quantg-mongo        Waiting                                                                           [34m12.8s[0m
 [32m✔[0m Container quantg-backend      [32mCreated[0m                                                                           [34m 0.2s[0m
 [32m✔[0m Container quantg-frontend     [32mCreated[0m                                                                           [34m 0.2s[0m
[?25h[?25l[5A[0G[+] up 3/4
 [32m✔[0m Network quantg_quantg-network [32mCreated[0m                                                                           [34m 0.5s[0m
 [33m-[0m Container quantg-mongo        Waiting                                                                           [34m12.9s[0m
 [32m✔[0m Container quantg-backend      [32mCreated[0m                                                                           [34m 0.2s[0m
 [32m✔[0m Container quantg-frontend     [32mCreated[0m                                                                           [34m 0.2s[0m
[?25h[?25l[5A[0G[+] up 3/4
 [32m✔[0m Network quantg_quantg-network [32mCreated[0m                                                                           [34m 0.5s[0m
 [33m-[0m Container quantg-mongo        Waiting                                                                           [34m13.0s[0m
 [32m✔[0m Container quantg-backend      [32mCreated[0m                                                                           [34m 0.2s[0m
 [32m✔[0m Container quantg-frontend     [32mCreated[0m                                                                           [34m 0.2s[0m
[?25h[?25l[5A[0G[+] up 3/4
 [32m✔[0m Network quantg_quantg-network [32mCreated[0m                                                                           [34m 0.5s[0m
 [33m-[0m Container quantg-mongo        Waiting                                                                           [34m13.1s[0m
 [32m✔[0m Container quantg-backend      [32mCreated[0m                                                                           [34m 0.2s[0m
 [32m✔[0m Container quantg-frontend     [32mCreated[0m                                                                           [34m 0.2s[0m
[?25h[?25l[5A[0G[+] up 3/4
 [32m✔[0m Network quantg_quantg-network [32mCreated[0m                                                                           [34m 0.5s[0m
 [33m-[0m Container quantg-mongo        Waiting                                                                           [34m13.2s[0m
 [32m✔[0m Container quantg-backend      [32mCreated[0m                                                                           [34m 0.2s[0m
 [32m✔[0m Container quantg-frontend     [32mCreated[0m                                                                           [34m 0.2s[0m
[?25h[?25l[5A[0G[+] up 3/4
 [32m✔[0m Network quantg_quantg-network [32mCreated[0m                                                                           [34m 0.5s[0m
 [33m-[0m Container quantg-mongo        Waiting                                                                           [34m13.3s[0m
 [32m✔[0m Container quantg-backend      [32mCreated[0m                                                                           [34m 0.2s[0m
 [32m✔[0m Container quantg-frontend     [32mCreated[0m                                                                           [34m 0.2s[0m
[?25h[?25l[5A[0G[+] up 3/4
 [32m✔[0m Network quantg_quantg-network [32mCreated[0m                                                                           [34m 0.5s[0m
 [33m-[0m Container quantg-mongo        Waiting                                                                           [34m13.4s[0m
 [32m✔[0m Container quantg-backend      [32mCreated[0m                                                                           [34m 0.2s[0m
 [32m✔[0m Container quantg-frontend     [32mCreated[0m                                                                           [34m 0.2s[0m
[?25h[?25l[5A[0G[+] up 3/4
 [32m✔[0m Network quantg_quantg-network [32mCreated[0m                                                                           [34m 0.5s[0m
 [33m-[0m Container quantg-mongo        Waiting                                                                           [34m13.5s[0m
 [32m✔[0m Container quantg-backend      [32mCreated[0m                                                                           [34m 0.2s[0m
 [32m✔[0m Container quantg-frontend     [32mCreated[0m                                                                           [34m 0.2s[0m
[?25h[?25l[5A[0G[+] up 3/4
 [32m✔[0m Network quantg_quantg-network [32mCreated[0m                                                                           [34m 0.5s[0m
 [33m-[0m Container quantg-mongo        Waiting                                                                           [34m13.6s[0m
 [32m✔[0m Container quantg-backend      [32mCreated[0m                                                                           [34m 0.2s[0m
 [32m✔[0m Container quantg-frontend     [32mCreated[0m                                                                           [34m 0.2s[0m
[?25h[?25l[5A[0G[+] up 3/4
 [32m✔[0m Network quantg_quantg-network [32mCreated[0m                                                                           [34m 0.5s[0m
 [33m-[0m Container quantg-mongo        Waiting                                                                           [34m13.7s[0m
 [32m✔[0m Container quantg-backend      [32mCreated[0m                                                                           [34m 0.2s[0m
 [32m✔[0m Container quantg-frontend     [32mCreated[0m                                                                           [34m 0.2s[0m
[?25h[?25l[5A[0G[+] up 3/4
 [32m✔[0m Network quantg_quantg-network [32mCreated[0m                                                                           [34m 0.5s[0m
 [33m-[0m Container quantg-mongo        Waiting                                                                           [34m13.8s[0m
 [32m✔[0m Container quantg-backend      [32mCreated[0m                                                                           [34m 0.2s[0m
 [32m✔[0m Container quantg-frontend     [32mCreated[0m                                                                           [34m 0.2s[0m
[?25h[?25l[5A[0G[+] up 3/4
 [32m✔[0m Network quantg_quantg-network [32mCreated[0m                                                                           [34m 0.5s[0m
 [33m-[0m Container quantg-mongo        Waiting                                                                           [34m13.9s[0m
 [32m✔[0m Container quantg-backend      [32mCreated[0m                                                                           [34m 0.2s[0m
 [32m✔[0m Container quantg-frontend     [32mCreated[0m                                                                           [34m 0.2s[0m
[?25h[?25l[5A[0G[+] up 3/4
 [32m✔[0m Network quantg_quantg-network [32mCreated[0m                                                                           [34m 0.5s[0m
 [33m-[0m Container quantg-mongo        Waiting                                                                           [34m14.0s[0m
 [32m✔[0m Container quantg-backend      [32mCreated[0m                                                                           [34m 0.2s[0m
 [32m✔[0m Container quantg-frontend     [32mCreated[0m                                                                           [34m 0.2s[0m
[?25h[?25l[5A[0G[+] up 3/4
 [32m✔[0m Network quantg_quantg-network [32mCreated[0m                                                                           [34m 0.5s[0m
 [33m-[0m Container quantg-mongo        Waiting                                                                           [34m14.1s[0m
 [32m✔[0m Container quantg-backend      [32mCreated[0m                                                                           [34m 0.2s[0m
 [32m✔[0m Container quantg-frontend     [32mCreated[0m                                                                           [34m 0.2s[0m
[?25h[?25l[5A[0G[+] up 3/4
 [32m✔[0m Network quantg_quantg-network [32mCreated[0m                                                                           [34m 0.5s[0m
 [33m-[0m Container quantg-mongo        Waiting                                                                           [34m14.2s[0m
 [32m✔[0m Container quantg-backend      [32mCreated[0m                                                                           [34m 0.2s[0m
 [32m✔[0m Container quantg-frontend     [32mCreated[0m                                                                           [34m 0.2s[0m
[?25h[?25l[5A[0G[+] up 3/4
 [32m✔[0m Network quantg_quantg-network [32mCreated[0m                                                                           [34m 0.5s[0m
 [33m-[0m Container quantg-mongo        Waiting                                                                           [34m14.3s[0m
 [32m✔[0m Container quantg-backend      [32mCreated[0m                                                                           [34m 0.2s[0m
 [32m✔[0m Container quantg-frontend     [32mCreated[0m                                                                           [34m 0.2s[0m
[?25h[?25l[5A[0G[+] up 3/4
 [32m✔[0m Network quantg_quantg-network [32mCreated[0m                                                                           [34m 0.5s[0m
 [33m-[0m Container quantg-mongo        Waiting                                                                           [34m14.4s[0m
 [32m✔[0m Container quantg-backend      [32mCreated[0m                                                                           [34m 0.2s[0m
 [32m✔[0m Container quantg-frontend     [32mCreated[0m                                                                           [34m 0.2s[0m
[?25h[?25l[5A[0G[+] up 3/4
 [32m✔[0m Network quantg_quantg-network [32mCreated[0m                                                                           [34m 0.5s[0m
 [33m-[0m Container quantg-mongo        Waiting                                                                           [34m14.5s[0m
 [32m✔[0m Container quantg-backend      [32mCreated[0m                                                                           [34m 0.2s[0m
 [32m✔[0m Container quantg-frontend     [32mCreated[0m                                                                           [34m 0.2s[0m
[?25h[?25l[5A[0G[+] up 3/4
 [32m✔[0m Network quantg_quantg-network [32mCreated[0m                                                                           [34m 0.5s[0m
 [33m-[0m Container quantg-mongo        Waiting                                                                           [34m14.6s[0m
 [32m✔[0m Container quantg-backend      [32mCreated[0m                                                                           [34m 0.2s[0m
 [32m✔[0m Container quantg-frontend     [32mCreated[0m                                                                           [34m 0.2s[0m
[?25h[?25l[5A[0G[+] up 3/4
 [32m✔[0m Network quantg_quantg-network [32mCreated[0m                                                                           [34m 0.5s[0m
 [33m-[0m Container quantg-mongo        Waiting                                                                           [34m14.7s[0m
 [32m✔[0m Container quantg-backend      [32mCreated[0m                                                                           [34m 0.2s[0m
 [32m✔[0m Container quantg-frontend     [32mCreated[0m                                                                           [34m 0.2s[0m
[?25h[?25l[5A[0G[+] up 3/4
 [32m✔[0m Network quantg_quantg-network [32mCreated[0m                                                                           [34m 0.5s[0m
 [33m-[0m Container quantg-mongo        Waiting                                                                           [34m14.8s[0m
 [32m✔[0m Container quantg-backend      [32mCreated[0m                                                                           [34m 0.2s[0m
 [32m✔[0m Container quantg-frontend     [32mCreated[0m                                                                           [34m 0.2s[0m
[?25h[?25l[5A[0G[+] up 3/4
 [32m✔[0m Network quantg_quantg-network [32mCreated[0m                                                                           [34m 0.5s[0m
 [33m-[0m Container quantg-mongo        Waiting                                                                           [34m14.9s[0m
 [32m✔[0m Container quantg-backend      [32mCreated[0m                                                                           [34m 0.2s[0m
 [32m✔[0m Container quantg-frontend     [32mCreated[0m                                                                           [34m 0.2s[0m
[?25h[?25l[5A[0G[+] up 3/4
 [32m✔[0m Network quantg_quantg-network [32mCreated[0m                                                                           [34m 0.5s[0m
 [33m-[0m Container quantg-mongo        Waiting                                                                           [34m15.0s[0m
 [32m✔[0m Container quantg-backend      [32mCreated[0m                                                                           [34m 0.2s[0m
 [32m✔[0m Container quantg-frontend     [32mCreated[0m                                                                           [34m 0.2s[0m
[?25h[?25l[5A[0G[+] up 3/4
 [32m✔[0m Network quantg_quantg-network [32mCreated[0m                                                                           [34m 0.5s[0m
 [33m-[0m Container quantg-mongo        Waiting                                                                           [34m15.1s[0m
 [32m✔[0m Container quantg-backend      [32mCreated[0m                                                                           [34m 0.2s[0m
 [32m✔[0m Container quantg-frontend     [32mCreated[0m                                                                           [34m 0.2s[0m
[?25h[?25l[5A[0G[+] up 3/4
 [32m✔[0m Network quantg_quantg-network [32mCreated[0m                                                                           [34m 0.5s[0m
 [33m-[0m Container quantg-mongo        Waiting                                                                           [34m15.2s[0m
 [32m✔[0m Container quantg-backend      [32mCreated[0m                                                                           [34m 0.2s[0m
 [32m✔[0m Container quantg-frontend     [32mCreated[0m                                                                           [34m 0.2s[0m
[?25h[?25l[5A[0G[+] up 3/4
 [32m✔[0m Network quantg_quantg-network [32mCreated[0m                                                                           [34m 0.5s[0m
 [33m-[0m Container quantg-mongo        Waiting                                                                           [34m15.3s[0m
 [32m✔[0m Container quantg-backend      [32mCreated[0m                                                                           [34m 0.2s[0m
 [32m✔[0m Container quantg-frontend     [32mCreated[0m                                                                           [34m 0.2s[0m
[?25h[?25l[5A[0G[+] up 3/4
 [32m✔[0m Network quantg_quantg-network [32mCreated[0m                                                                           [34m 0.5s[0m
 [33m-[0m Container quantg-mongo        Waiting                                                                           [34m15.4s[0m
 [32m✔[0m Container quantg-backend      [32mCreated[0m                                                                           [34m 0.2s[0m
 [32m✔[0m Container quantg-frontend     [32mCreated[0m                                                                           [34m 0.2s[0m
[?25h[?25l[5A[0G[+] up 3/4
 [32m✔[0m Network quantg_quantg-network [32mCreated[0m                                                                           [34m 0.5s[0m
 [33m-[0m Container quantg-mongo        Waiting                                                                           [34m15.5s[0m
 [32m✔[0m Container quantg-backend      [32mCreated[0m                                                                           [34m 0.2s[0m
 [32m✔[0m Container quantg-frontend     [32mCreated[0m                                                                           [34m 0.2s[0m
[?25h[?25l[5A[0G[+] up 3/4
 [32m✔[0m Network quantg_quantg-network [32mCreated[0m                                                                           [34m 0.5s[0m
 [33m-[0m Container quantg-mongo        Waiting                                                                           [34m15.6s[0m
 [32m✔[0m Container quantg-backend      [32mCreated[0m                                                                           [34m 0.2s[0m
 [32m✔[0m Container quantg-frontend     [32mCreated[0m                                                                           [34m 0.2s[0m
[?25h[?25l[5A[0G[+] up 3/4
 [32m✔[0m Network quantg_quantg-network [32mCreated[0m                                                                           [34m 0.5s[0m
 [33m-[0m Container quantg-mongo        Waiting                                                                           [34m15.7s[0m
 [32m✔[0m Container quantg-backend      [32mCreated[0m                                                                           [34m 0.2s[0m
 [32m✔[0m Container quantg-frontend     [32mCreated[0m                                                                           [34m 0.2s[0m
[?25h[?25l[5A[0G[+] up 3/4
 [32m✔[0m Network quantg_quantg-network [32mCreated[0m                                                                           [34m 0.5s[0m
 [33m-[0m Container quantg-mongo        Waiting                                                                           [34m15.8s[0m
 [32m✔[0m Container quantg-backend      [32mCreated[0m                                                                           [34m 0.2s[0m
 [32m✔[0m Container quantg-frontend     [32mCreated[0m                                                                           [34m 0.2s[0m
[?25h[?25l[5A[0G[+] up 3/4
 [32m✔[0m Network quantg_quantg-network [32mCreated[0m                                                                           [34m 0.5s[0m
 [33m-[0m Container quantg-mongo        Waiting                                                                           [34m15.9s[0m
 [32m✔[0m Container quantg-backend      [32mCreated[0m                                                                           [34m 0.2s[0m
 [32m✔[0m Container quantg-frontend     [32mCreated[0m                                                                           [34m 0.2s[0m
[?25h[?25l[5A[0G[+] up 3/4
 [32m✔[0m Network quantg_quantg-network [32mCreated[0m                                                                           [34m 0.5s[0m
 [33m-[0m Container quantg-mongo        Waiting                                                                           [34m16.0s[0m
 [32m✔[0m Container quantg-backend      [32mCreated[0m                                                                           [34m 0.2s[0m
 [32m✔[0m Container quantg-frontend     [32mCreated[0m                                                                           [34m 0.2s[0m
[?25h[?25l[5A[0G[+] up 3/4
 [32m✔[0m Network quantg_quantg-network [32mCreated[0m                                                                           [34m 0.5s[0m
 [33m-[0m Container quantg-mongo        Waiting                                                                           [34m16.1s[0m
 [32m✔[0m Container quantg-backend      [32mCreated[0m                                                                           [34m 0.2s[0m
 [32m✔[0m Container quantg-frontend     [32mCreated[0m                                                                           [34m 0.2s[0m
[?25h[?25l[5A[0G[+] up 3/4
 [32m✔[0m Network quantg_quantg-network [32mCreated[0m                                                                           [34m 0.5s[0m
 [33m-[0m Container quantg-mongo        Waiting                                                                           [34m16.2s[0m
 [32m✔[0m Container quantg-backend      [32mCreated[0m                                                                           [34m 0.2s[0m
 [32m✔[0m Container quantg-frontend     [32mCreated[0m                                                                           [34m 0.2s[0m
[?25h[?25l[5A[0G[+] up 3/4
 [32m✔[0m Network quantg_quantg-network [32mCreated[0m                                                                           [34m 0.5s[0m
 [33m-[0m Container quantg-mongo        Waiting                                                                           [34m16.3s[0m
 [32m✔[0m Container quantg-backend      [32mCreated[0m                                                                           [34m 0.2s[0m
 [32m✔[0m Container quantg-frontend     [32mCreated[0m                                                                           [34m 0.2s[0m
[?25h[?25l[5A[0G[+] up 3/4
 [32m✔[0m Network quantg_quantg-network [32mCreated[0m                                                                           [34m 0.5s[0m
 [33m-[0m Container quantg-mongo        Waiting                                                                           [34m16.4s[0m
 [32m✔[0m Container quantg-backend      [32mCreated[0m                                                                           [34m 0.2s[0m
 [32m✔[0m Container quantg-frontend     [32mCreated[0m                                                                           [34m 0.2s[0m
[?25h[?25l[5A[0G[+] up 3/4
 [32m✔[0m Network quantg_quantg-network [32mCreated[0m                                                                           [34m 0.5s[0m
 [33m-[0m Container quantg-mongo        Waiting                                                                           [34m16.5s[0m
 [32m✔[0m Container quantg-backend      [32mCreated[0m                                                                           [34m 0.2s[0m
 [32m✔[0m Container quantg-frontend     [32mCreated[0m                                                                           [34m 0.2s[0m
[?25h[?25l[5A[0G[+] up 3/4
 [32m✔[0m Network quantg_quantg-network [32mCreated[0m                                                                           [34m 0.5s[0m
 [33m-[0m Container quantg-mongo        Waiting                                                                           [34m16.6s[0m
 [32m✔[0m Container quantg-backend      [32mCreated[0m                                                                           [34m 0.2s[0m
 [32m✔[0m Container quantg-frontend     [32mCreated[0m                                                                           [34m 0.2s[0m
[?25h[?25l[5A[0G[+] up 3/4
 [32m✔[0m Network quantg_quantg-network [32mCreated[0m                                                                           [34m 0.5s[0m
 [33m-[0m Container quantg-mongo        Waiting                                                                           [34m16.7s[0m
 [32m✔[0m Container quantg-backend      [32mCreated[0m                                                                           [34m 0.2s[0m
 [32m✔[0m Container quantg-frontend     [32mCreated[0m                                                                           [34m 0.2s[0m
[?25h[?25l[5A[0G[+] up 3/4
 [32m✔[0m Network quantg_quantg-network [32mCreated[0m                                                                           [34m 0.5s[0m
 [33m-[0m Container quantg-mongo        Waiting                                                                           [34m16.8s[0m
 [32m✔[0m Container quantg-backend      [32mCreated[0m                                                                           [34m 0.2s[0m
 [32m✔[0m Container quantg-frontend     [32mCreated[0m                                                                           [34m 0.2s[0m
[?25h[?25l[5A[0G[+] up 3/4
 [32m✔[0m Network quantg_quantg-network [32mCreated[0m                                                                           [34m 0.5s[0m
 [33m-[0m Container quantg-mongo        Waiting                                                                           [34m16.9s[0m
 [32m✔[0m Container quantg-backend      [32mCreated[0m                                                                           [34m 0.2s[0m
 [32m✔[0m Container quantg-frontend     [32mCreated[0m                                                                           [34m 0.2s[0m
[?25h[?25l[5A[0G[+] up 3/4
 [32m✔[0m Network quantg_quantg-network [32mCreated[0m                                                                           [34m 0.5s[0m
 [33m-[0m Container quantg-mongo        Waiting                                                                           [34m17.0s[0m
 [32m✔[0m Container quantg-backend      [32mCreated[0m                                                                           [34m 0.2s[0m
 [32m✔[0m Container quantg-frontend     [32mCreated[0m                                                                           [34m 0.2s[0m
[?25h[?25l[5A[0G[+] up 3/4
 [32m✔[0m Network quantg_quantg-network [32mCreated[0m                                                                           [34m 0.5s[0m
 [33m-[0m Container quantg-mongo        Waiting                                                                           [34m17.1s[0m
 [32m✔[0m Container quantg-backend      [32mCreated[0m                                                                           [34m 0.2s[0m
 [32m✔[0m Container quantg-frontend     [32mCreated[0m                                                                           [34m 0.2s[0m
[?25h[?25l[5A[0G[+] up 3/4
 [32m✔[0m Network quantg_quantg-network [32mCreated[0m                                                                           [34m 0.5s[0m
 [33m-[0m Container quantg-mongo        Waiting                                                                           [34m17.2s[0m
 [32m✔[0m Container quantg-backend      [32mCreated[0m                                                                           [34m 0.2s[0m
 [32m✔[0m Container quantg-frontend     [32mCreated[0m                                                                           [34m 0.2s[0m
[?25h[?25l[5A[0G[+] up 3/4
 [32m✔[0m Network quantg_quantg-network [32mCreated[0m                                                                           [34m 0.5s[0m
 [33m-[0m Container quantg-mongo        Waiting                                                                           [34m17.3s[0m
 [32m✔[0m Container quantg-backend      [32mCreated[0m                                                                           [34m 0.2s[0m
 [32m✔[0m Container quantg-frontend     [32mCreated[0m                                                                           [34m 0.2s[0m
[?25h[?25l[5A[0G[+] up 3/4
 [32m✔[0m Network quantg_quantg-network [32mCreated[0m                                                                           [34m 0.5s[0m
 [33m-[0m Container quantg-mongo        Waiting                                                                           [34m17.4s[0m
 [32m✔[0m Container quantg-backend      [32mCreated[0m                                                                           [34m 0.2s[0m
 [32m✔[0m Container quantg-frontend     [32mCreated[0m                                                                           [34m 0.2s[0m
[?25h[?25l[5A[0G[+] up 3/4
 [32m✔[0m Network quantg_quantg-network [32mCreated[0m                                                                           [34m 0.5s[0m
 [33m-[0m Container quantg-mongo        Waiting                                                                           [34m17.5s[0m
 [32m✔[0m Container quantg-backend      [32mCreated[0m                                                                           [34m 0.2s[0m
 [32m✔[0m Container quantg-frontend     [32mCreated[0m                                                                           [34m 0.2s[0m
[?25h[?25l[5A[0G[+] up 3/4
 [32m✔[0m Network quantg_quantg-network [32mCreated[0m                                                                           [34m 0.5s[0m
 [33m-[0m Container quantg-mongo        Waiting                                                                           [34m17.6s[0m
 [32m✔[0m Container quantg-backend      [32mCreated[0m                                                                           [34m 0.2s[0m
 [32m✔[0m Container quantg-frontend     [32mCreated[0m                                                                           [34m 0.2s[0m
[?25h[?25l[5A[0G[+] up 3/4
 [32m✔[0m Network quantg_quantg-network [32mCreated[0m                                                                           [34m 0.5s[0m
 [33m-[0m Container quantg-mongo        Waiting                                                                           [34m17.7s[0m
 [32m✔[0m Container quantg-backend      [32mCreated[0m                                                                           [34m 0.2s[0m
 [32m✔[0m Container quantg-frontend     [32mCreated[0m                                                                           [34m 0.2s[0m
[?25h[?25l[5A[0G[+] up 3/4
 [32m✔[0m Network quantg_quantg-network [32mCreated[0m                                                                           [34m 0.5s[0m
 [33m-[0m Container quantg-mongo        Waiting                                                                           [34m17.8s[0m
 [32m✔[0m Container quantg-backend      [32mCreated[0m                                                                           [34m 0.2s[0m
 [32m✔[0m Container quantg-frontend     [32mCreated[0m                                                                           [34m 0.2s[0m
[?25h[?25l[5A[0G[+] up 3/4
 [32m✔[0m Network quantg_quantg-network [32mCreated[0m                                                                           [34m 0.5s[0m
 [32m✔[0m Container quantg-mongo        [32mHealthy[0m                                                                           [34m17.9s[0m
 [33m-[0m Container quantg-backend      Starting                                                                          [34m17.4s[0m
 [32m✔[0m Container quantg-frontend     [32mCreated[0m                                                                           [34m 0.2s[0m
[?25h[?25l[5A[0G[+] up 3/4
 [32m✔[0m Network quantg_quantg-network [32mCreated[0m                                                                           [34m 0.5s[0m
 [32m✔[0m Container quantg-mongo        [32mHealthy[0m                                                                           [34m17.9s[0m
 [33m-[0m Container quantg-backend      Starting                                                                          [34m17.5s[0m
 [32m✔[0m Container quantg-frontend     [32mCreated[0m                                                                           [34m 0.2s[0m
[?25h[?25l[5A[0G[+] up 3/4
 [32m✔[0m Network quantg_quantg-network [32mCreated[0m                                                                           [34m 0.5s[0m
 [32m✔[0m Container quantg-mongo        [32mHealthy[0m                                                                           [34m17.9s[0m
 [33m-[0m Container quantg-backend      Starting                                                                          [34m17.6s[0m
 [32m✔[0m Container quantg-frontend     [32mCreated[0m                                                                           [34m 0.2s[0m
[?25h[?25l[5A[0G[+] up 3/4
 [32m✔[0m Network quantg_quantg-network [32mCreated[0m                                                                           [34m 0.5s[0m
 [32m✔[0m Container quantg-mongo        [32mHealthy[0m                                                                           [34m17.9s[0m
 [33m-[0m Container quantg-backend      Starting                                                                          [34m17.7s[0m
 [32m✔[0m Container quantg-frontend     [32mCreated[0m                                                                           [34m 0.2s[0m
[?25h[?25l[5A[0G[+] up 3/4
 [32m✔[0m Network quantg_quantg-network [32mCreated[0m                                                                           [34m 0.5s[0m
 [32m✔[0m Container quantg-mongo        [32mHealthy[0m                                                                           [34m17.9s[0m
 [32m✔[0m Container quantg-backend      [32mStarted[0m                                                                           [34m17.8s[0m
 [33m-[0m Container quantg-frontend     Starting                                                                          [34m17.6s[0m
[?25h[?25l[5A[0G[+] up 3/4
 [32m✔[0m Network quantg_quantg-network [32mCreated[0m                                                                           [34m 0.5s[0m
 [32m✔[0m Container quantg-mongo        [32mHealthy[0m                                                                           [34m17.9s[0m
 [32m✔[0m Container quantg-backend      [32mStarted[0m                                                                           [34m17.8s[0m
 [33m-[0m Container quantg-frontend     Starting                                                                          [34m17.7s[0m
[?25h[?25l[5A[0G[+] up 3/4
 [32m✔[0m Network quantg_quantg-network [32mCreated[0m                                                                           [34m 0.5s[0m
 [32m✔[0m Container quantg-mongo        [32mHealthy[0m                                                                           [34m17.9s[0m
 [32m✔[0m Container quantg-backend      [32mStarted[0m                                                                           [34m17.8s[0m
 [33m-[0m Container quantg-frontend     Starting                                                                          [34m17.8s[0m
[?25h[?25l[5A[0G[+] up 3/4
 [32m✔[0m Network quantg_quantg-network [32mCreated[0m                                                                           [34m 0.5s[0m
 [32m✔[0m Container quantg-mongo        [32mHealthy[0m                                                                           [34m17.9s[0m
 [32m✔[0m Container quantg-backend      [32mStarted[0m                                                                           [34m17.8s[0m
 [33m-[0m Container quantg-frontend     Starting                                                                          [34m17.9s[0m
[?25h[?25l[5A[0G[+] up 4/4
 [32m✔[0m Network quantg_quantg-network [32mCreated[0m                                                                           [34m 0.5s[0m
 [32m✔[0m Container quantg-mongo        [32mHealthy[0m                                                                           [34m17.9s[0m
 [32m✔[0m Container quantg-backend      [32mStarted[0m                                                                           [34m17.8s[0m
 [32m✔[0m Container quantg-frontend     [32mStarted[0m                                                                           [34m17.9s[0m
[?25h